Modulation,SNR (dB),BER
Chirp,19.835208372056105,0.02
GMSK,20.247589728216838,0.021
16-QAM,19.704821004649997,0.026
64-QAM,19.300003254955353,0.018
128-QAM,19.65992080201403,0.05
256-QAM,20.440474023924942,0.026
BPSK,20.120100624441445,0.018
QPSK,20.137696879881986,0.02
OOK,19.847311222449974,0.268
BFSK,20.131461993242247,0.014
